Названия дивана,Цена,Ссылка на товар
"Диван прямой Филс-Мини 120 Velvet Terra
27 990руб.
39 990руб.
30
6998руб.
В Cплит
+104","27 990руб.
39 990руб.
30",https://www.divan.ru/product/divan-pryamoj-fils-mini-120-velvet-terra
"Диван прямой Лилт Bucle Silver
84 990руб.
14 165руб.
В Cплит
+115",84 990руб.,https://www.divan.ru/product/divan-lilt-bucle-silver
"Диван прямой Ланер-Мини 140 Velvet Olive
33 990руб.
45 490руб.
25
8498руб.
В Cплит","33 990руб.
45 490руб.
25",https://www.divan.ru/product/divan-pryamoj-laner-Mini-140-velvet-olive
"Кресло Орхет Velvet Marsala
17 990руб.
25 990руб.
30
4498руб.
В Cплит","17 990руб.
25 990руб.
30",https://www.divan.ru/product/kreslo-orhet-velvet-marsala
"Диван прямой Массе-М Мини Velvet Navy Blue
49 990руб.
58 990руб.
15
12 498руб.
В Cплит
+23","49 990руб.
58 990руб.
15",https://www.divan.ru/product/divan-pryamoj-masse-m-mini-velvet-navy-blue
"Пуф Дзен Velvet Smoke
6990руб.
1748руб.
В Cплит",6990руб.,https://www.divan.ru/product/puf-dzen-velvet-smoke
"Диван прямой Спейс Velvet Olive
67 990руб.
16 998руб.
В Cплит
+39",67 990руб.,https://www.divan.ru/product/divan-spejs-velvet-olive
"Диван прямой Мелоу Velvet Beige
54 990руб.
13 748руб.
В Cплит
+69",54 990руб.,https://www.divan.ru/product/divan-pryamoj-melou-velvet-beige
"Пуф Кропс Bucle Lilac
9990руб.
11 990руб.
16
2498руб.
В Cплит
+14","9990руб.
11 990руб.
16",https://www.divan.ru/product/puf-krops-bucle-lilac
"Диван прямой Клаймар Velvet Terra
62 990руб.
15 748руб.
В Cплит
+89",62 990руб.,https://www.divan.ru/product/divan-klajmar-velvet-terra
"Кресло Лучето Bucle Dark Blue
13 990руб.
19 990руб.
30
3498руб.
В Cплит","13 990руб.
19 990руб.
30",https://www.divan.ru/product/kreslo-lucheto-bucle-dark-blue
"Диван прямой Аронт Мини Velvet Pink
56 990руб.
71 990руб.
20
14 248руб.
В Cплит
+49","56 990руб.
71 990руб.
20",https://www.divan.ru/product/divan-pryamoj-aront-mini-velvet-pink
"Диван угловой Нордика мини Velvet Olive
59 990руб.
79 990руб.
25
14 998руб.
В Cплит
+67","59 990руб.
79 990руб.
25",https://www.divan.ru/product/divan-uglovoj-nordika-mini-velvet-olive
"Кресло Пайл Textile Ginger
26 990руб.
29 990руб.
10
6748руб.
В Cплит
+109","26 990руб.
29 990руб.
10",https://www.divan.ru/product/kreslo-pajl-textile-ginger
"Диван прямой Льери Мини Velvet Yellow
64 990руб.
92 990руб.
30
16 248руб.
В Cплит
+114","64 990руб.
92 990руб.
30",https://www.divan.ru/product/divan-leri-mini-velvet-yellow
"Кресло Кенсол Velvet Blue
19 990руб.
22 990руб.
13
4998руб.
В Cплит","19 990руб.
22 990руб.
13",https://www.divan.ru/product/kreslo-kensol-velvet-blue
"Кресло поворотное Теоп Bucle Beige
36 990руб.
43 990руб.
15
9248руб.
В Cплит
+61","36 990руб.
43 990руб.
15",https://www.divan.ru/product/kreslo-povorotnoe-teop-bucle-beige
"Диван прямой Нумо Velvet Green
39 990руб.
9998руб.
В Cплит
+78",39 990руб.,https://www.divan.ru/product/divan-numo-velvet-green
"Диван угловой Онте Bucle Silver
109 990руб.
18 332руб.
В Cплит
+120",109 990руб.,https://www.divan.ru/product/divan-uglovoj-onte-bucle-silver
"Кресло Грейн Textile Olive
12 990руб.
17 990руб.
27
3248руб.
В Cплит","12 990руб.
17 990руб.
27",https://www.divan.ru/product/kreslo-grejn-textile-olive
"Диван прямой Ларонсо Soft Latte
96 990руб.
16 165руб.
В Cплит
+115",96 990руб.,https://www.divan.ru/product/divan-laronso-soft-latte
"Пуф Ринт Bucle Blue
11 990руб.
12 990руб.
7
2998руб.
В Cплит
+109","11 990руб.
12 990руб.
7",https://www.divan.ru/product/puf-rint-bucle-blue
"Кресло Витио Velvet Yellow
22 990руб.
24 990руб.
8
5748руб.
В Cплит
+115","22 990руб.
24 990руб.
8",https://www.divan.ru/product/kreslo-vitio-velvet-yellow-new
"Диван прямой Эби Velvet Coral
66 990руб.
16 748руб.
В Cплит
+120",66 990руб.,https://www.divan.ru/product/divan-ebi-velvet-coral
"Кресло Лонди Cozy Ivory
39 990руб.
9998руб.
В Cплит
+120",39 990руб.,https://www.divan.ru/product/kreslo-londi-cozy-ivory
"Пуф Корк Velvet Moss
10 990руб.
2748руб.
В Cплит
+42",10 990руб.,https://www.divan.ru/product/puf-kork-velvet-moss
"Диван модульный Риббл-1 Bucle Mint
78 980руб.
-10%
по промокоду
+120",78 980руб.,https://www.divan.ru/product/modulnyj-divan-ribbl-1-bucle-mint
"Кресло Пайпел-2 Bucle Forest
41 990руб.
48 990руб.
14
10 498руб.
В Cплит","41 990руб.
48 990руб.
14",https://www.divan.ru/product/kreslo-pajpel-2-bucle-forest
"Диван прямой Виена Velvet Smoke
64 990руб.
87 990руб.
26
16 248руб.
В Cплит
+94","64 990руб.
87 990руб.
26",https://www.divan.ru/product/divan-viena-time-grey
"Диван прямой Види Textile Navy Blue
26 990руб.
44 990руб.
40
6748руб.
В Cплит
+72","26 990руб.
44 990руб.
40",https://www.divan.ru/product/divan-vidi-textile-navy-blue
"Диван угловой Аллаум Linia Stone
56 990руб.
71 990руб.
20
14 248руб.
В Cплит
+88","56 990руб.
71 990руб.
20",https://www.divan.ru/product/divan-uglovoj-allaum-linia-stone
"Кресло Ансил Bucle Milk
31 990руб.
35 990руб.
11
7998руб.
В Cплит
+98","31 990руб.
35 990руб.
11",https://www.divan.ru/product/kreslo-ansil-bucle-milk
"Диван угловой Аронт Мини Velvet Olive
59 990руб.
74 990руб.
20
14 998руб.
В Cплит
+107","59 990руб.
74 990руб.
20",https://www.divan.ru/product/divan-uglovoj-aront-mini-velvet-olive
"Диван модульный Brera-8 Bucle Beige
163 970руб.
-10%
по промокоду
+120",163 970руб.,https://www.divan.ru/product/modulnyj-divan-brera-8-bucle-beige
"Диван прямой Сваут Velvet Mustard
67 990руб.
16 998руб.
В Cплит
+72",67 990руб.,https://www.divan.ru/product/divan-svaut-velvet-mustard
"Диван прямой Тилар Cozy Milk
31 990руб.
37 990руб.
15
7998руб.
В Cплит
+73","31 990руб.
37 990руб.
15",https://www.divan.ru/product/divan-tilar-cozy-milk
"Диван прямой Инес Vertical Blue
47 990руб.
73 990руб.
35
11 998руб.
В Cплит
+25","47 990руб.
73 990руб.
35",https://www.divan.ru/product/divan-ines-vertical-blue
"Кресло Тилар Textile Yellow
23 990руб.
27 990руб.
14
5998руб.
В Cплит
+93","23 990руб.
27 990руб.
14",https://www.divan.ru/product/kreslo-tilar-textile-yellow
"Диван прямой Лави Velvet Moss
36 990руб.
65 990руб.
43
9248руб.
В Cплит
+12","36 990руб.
65 990руб.
43",https://www.divan.ru/product/divan-lavi-velvet-moss
"Диван угловой Эдвин Velvet Terra
72 990руб.
18 248руб.
В Cплит
+24",72 990руб.,https://www.divan.ru/product/divan-uglovoj-edvin-velvet-terra
"Диван угловой Дарол Velvet Silver
68 990руб.
17 248руб.
В Cплит
+92",68 990руб.,https://www.divan.ru/product/divan-uglovoj-darol-velvet-silver
"Диван прямой Терм Velvet Beige
69 990руб.
17 498руб.
В Cплит
+54",69 990руб.,https://www.divan.ru/product/divan-term-velvet-beige
"Диван прямой Лилле Velvet Atlantic
46 990руб.
11 748руб.
В Cплит
+75",46 990руб.,https://www.divan.ru/product/divan-lille-velvet-atlantic
"Кресло Кото Cozy Beige
32 990руб.
35 990руб.
8
8248руб.
В Cплит","32 990руб.
35 990руб.
8",https://www.divan.ru/product/kreslo-koto-cozy-beige
"Диван прямой Бонент Velvet Eclipse
82 990руб.
119 990руб.
30
13 832руб.
В Cплит
+78","82 990руб.
119 990руб.
30",https://www.divan.ru/product/divan-bonent-velvet-eclipse
"Диван прямой Нумо Мини Textile Light
26 990руб.
43 990руб.
38
6748руб.
В Cплит","26 990руб.
43 990руб.
38",https://www.divan.ru/product/divan-numo-mini-textile-light
"Пуф Кофи Velvet Light
4590руб.
1148руб.
В Cплит
+120",4590руб.,https://www.divan.ru/product/puf-kofi-velvet-light
"Диван угловой Нордика мини Velvet Coral
59 990руб.
79 990руб.
25
14 998руб.
В Cплит
+67","59 990руб.
79 990руб.
25",https://www.divan.ru/product/divan-uglovoj-nordika-mini-velvet-coral
