Название вакансии,Название компании,Зарплата,Ссылка на вакансию
Программист C#,Программист C#,Программист C#,Программист C#
Тестировщик ПО,Тестировщик ПО,Тестировщик ПО,Тестировщик ПО
Инженер-программист,Инженер-программист,Инженер-программист,Инженер-программист
C#/.NET разработчик,C#/.NET разработчик,C#/.NET разработчик,C#/.NET разработчик
Инженер-программист СКС,Инженер-программист СКС,Инженер-программист СКС,Инженер-программист СКС
Администратор баз данных,Администратор баз данных,Администратор баз данных,Администратор баз данных
Backend Developer Node.js,Backend Developer Node.js,Backend Developer Node.js,Backend Developer Node.js
Rust developer,Rust developer,Rust developer,Rust developer
Программист-стажер 1C,Программист-стажер 1C,Программист-стажер 1C,Программист-стажер 1C
Программист станков с ЧПУ,Программист станков с ЧПУ,Программист станков с ЧПУ,Программист станков с ЧПУ
Программист 1С,Программист 1С,Программист 1С,Программист 1С
"Наставник в кружок ""Веб-программисты"" (Томск офис, занятия офлайн)","Наставник в кружок ""Веб-программисты"" (Томск офис, занятия офлайн)","Наставник в кружок ""Веб-программисты"" (Томск офис, занятия офлайн)","Наставник в кружок ""Веб-программисты"" (Томск офис, занятия офлайн)"
Программист 1С,Программист 1С,Программист 1С,Программист 1С
Инженер-программист АСУ ТП,Инженер-программист АСУ ТП,Инженер-программист АСУ ТП,Инженер-программист АСУ ТП
Программист 1С (Инженер-программист),Программист 1С (Инженер-программист),Программист 1С (Инженер-программист),Программист 1С (Инженер-программист)
Программист,Программист,Программист,Программист
"Инженер-программист (пл. Ленина,6)","Инженер-программист (пл. Ленина,6)","Инженер-программист (пл. Ленина,6)","Инженер-программист (пл. Ленина,6)"
Программист 1С,Программист 1С,Программист 1С,Программист 1С
"React Frontend Web Developer/разработчик в офис, г. Томск","React Frontend Web Developer/разработчик в офис, г. Томск","React Frontend Web Developer/разработчик в офис, г. Томск","React Frontend Web Developer/разработчик в офис, г. Томск"
Ведущий инженер-программист (тестирование),Ведущий инженер-программист (тестирование),Ведущий инженер-программист (тестирование),Ведущий инженер-программист (тестирование)
Инженер-программист 1 категории,Инженер-программист 1 категории,Инженер-программист 1 категории,Инженер-программист 1 категории
Специалист технической поддержки,Специалист технической поддержки,Специалист технической поддержки,Специалист технической поддержки
Программист 1С,Программист 1С,Программист 1С,Программист 1С
Backend-разработчик (C++),Backend-разработчик (C++),Backend-разработчик (C++),Backend-разработчик (C++)
Инженер-программист 1С,Инженер-программист 1С,Инженер-программист 1С,Инженер-программист 1С
Специалист второй линии технической поддержки,Специалист второй линии технической поддержки,Специалист второй линии технической поддержки,Специалист второй линии технической поддержки
Разработчик интеграций 1С,Разработчик интеграций 1С,Разработчик интеграций 1С,Разработчик интеграций 1С
Инженер-программист,Инженер-программист,Инженер-программист,Инженер-программист
Специалист второй линии технической поддержки,Специалист второй линии технической поддержки,Специалист второй линии технической поддержки,Специалист второй линии технической поддержки
Администратор MES системы,Администратор MES системы,Администратор MES системы,Администратор MES системы
Разработчик мобильных приложений под iOS и Android,Разработчик мобильных приложений под iOS и Android,Разработчик мобильных приложений под iOS и Android,Разработчик мобильных приложений под iOS и Android
Middle/Senior C#/.NET Developer,Middle/Senior C#/.NET Developer,Middle/Senior C#/.NET Developer,Middle/Senior C#/.NET Developer
Инженер-разработчик,Инженер-разработчик,Инженер-разработчик,Инженер-разработчик
Middle Frontend Developer (Vue/Angular) в офис в Томске,Middle Frontend Developer (Vue/Angular) в офис в Томске,Middle Frontend Developer (Vue/Angular) в офис в Томске,Middle Frontend Developer (Vue/Angular) в офис в Томске
"Frontend-разработчик (React, TypeScript)","Frontend-разработчик (React, TypeScript)","Frontend-разработчик (React, TypeScript)","Frontend-разработчик (React, TypeScript)"
Ведущий инженер-программист 1С,Ведущий инженер-программист 1С,Ведущий инженер-программист 1С,Ведущий инженер-программист 1С
Разработчик С++ Junior,Разработчик С++ Junior,Разработчик С++ Junior,Разработчик С++ Junior
Руководитель группы / группа программного обеспечения,Руководитель группы / группа программного обеспечения,Руководитель группы / группа программного обеспечения,Руководитель группы / группа программного обеспечения
Middle С++ Developer,Middle С++ Developer,Middle С++ Developer,Middle С++ Developer
Программист 1С / Аналитик 1С,Программист 1С / Аналитик 1С,Программист 1С / Аналитик 1С,Программист 1С / Аналитик 1С
.NET Разработчик,.NET Разработчик,.NET Разработчик,.NET Разработчик
Ведущий инженер-программист,Ведущий инженер-программист,Ведущий инженер-программист,Ведущий инженер-программист
Технический писатель для Yandex DataBase,Технический писатель для Yandex DataBase,Технический писатель для Yandex DataBase,Технический писатель для Yandex DataBase
Инженер-разработчик радиолокационных устройств,Инженер-разработчик радиолокационных устройств,Инженер-разработчик радиолокационных устройств,Инженер-разработчик радиолокационных устройств
Инженер-программист станков с ЧПУ,Инженер-программист станков с ЧПУ,Инженер-программист станков с ЧПУ,Инженер-программист станков с ЧПУ
Младший инженер по исследованию атак на веб-ресурсы,Младший инженер по исследованию атак на веб-ресурсы,Младший инженер по исследованию атак на веб-ресурсы,Младший инженер по исследованию атак на веб-ресурсы
Программист-разработчик SCADA,Программист-разработчик SCADA,Программист-разработчик SCADA,Программист-разработчик SCADA
Frontend-разработчик React (junior),Frontend-разработчик React (junior),Frontend-разработчик React (junior),Frontend-разработчик React (junior)
Ведущий программист 1С,Ведущий программист 1С,Ведущий программист 1С,Ведущий программист 1С
Инженер-программист АСУ ТП,Инженер-программист АСУ ТП,Инженер-программист АСУ ТП,Инженер-программист АСУ ТП
